id;end_sz;line_id;port_name;ts_last_query;ts_last_query_success
1;quantify;Gloves;Inverse Fresh;deposit;Beauty
2;Money Market Account;Manat Synchronised JSON;Algerian Dinar;Developer Response;hacking Intelligent Granite Cheese Soft
3;Architect Personal Loan Account Ergonomic;Inlet;red Tuna;experiences;reboot Bedfordshire zero tolerance
4;New Taiwan Dollar;synthesize;Bedfordshire California connect;Nebraska gold;blue compressing Rustic Wooden Cheese
5;logistical index Bike;Handmade Plastic Ball;optimizing Frozen visionary;Paradigm;Gloves encompassing optical
6;attitude;backing up Home Loan Account;auxiliary synthesizing;Open-source;Chair bandwidth white
7;interactive;Monitored;Creative Sausages;Profound copying;United States of America Streets indigo
8;Home Loan Account productize;Unbranded San Marino invoice;withdrawal;Cove recontextualize quantify;pink hacking interactive
9;Customer Rustic Rubber Fish;Connecticut Orchestrator;cyan systemic Chips;Outdoors wireless;West Virginia optimal
10;interfaces;secondary Guinea Franc Sausages;Nigeria;Incredible Wooden Salad Music;purple Customer
